{
    "NE-COARSE-LIT": {
        "TIME-ALL": {
            "LED-ALL": {
                "LOC": {
                    "partial": {
                        "correct": 172,
                        "incorrect": 0,
                        "partial": 11,
                        "missed": 18,
                        "spurious": 39,
                        "possible": 201,
                        "actual": 222,
                        "TP": 172,
                        "FP": 50,
                        "FN": 29,
                        "P_micro": 0.7995495495495496,
                        "R_micro": 0.8830845771144279,
                        "F1_micro": 0.839243498817967,
                        "P_macro_doc": 0.7995495495495496,
                        "R_macro_doc": 0.8830845771144279,
                        "F1_macro_doc": 0.839243498817967,
                        "P_macro_doc_std": 0.0,
                        "R_macro_doc_std": 0.0,
                        "F1_macro_doc_std": 0.0
                    },
                    "strict": {
                        "correct": 168,
                        "incorrect": 15,
                        "partial": 0,
                        "missed": 18,
                        "spurious": 39,
                        "possible": 201,
                        "actual": 222,
                        "TP": 168,
                        "FP": 54,
                        "FN": 33,
                        "P_micro": 0.7567567567567568,
                        "R_micro": 0.835820895522388,
                        "F1_micro": 0.7943262411347517,
                        "P_macro_doc": 0.7567567567567568,
                        "R_macro_doc": 0.835820895522388,
                        "F1_macro_doc": 0.7943262411347517,
                        "P_macro_doc_std": 0.0,
                        "R_macro_doc_std": 0.0,
                        "F1_macro_doc_std": 0.0
                    },
                    "ent_type": {
                        "correct": 176,
                        "incorrect": 7,
                        "partial": 0,
                        "missed": 18,
                        "spurious": 39,
                        "possible": 201,
                        "actual": 222,
                        "TP": 176,
                        "FP": 46,
                        "FN": 25,
                        "P_micro": 0.7927927927927928,
                        "R_micro": 0.8756218905472637,
                        "F1_micro": 0.8321513002364066,
                        "P_macro_doc": 0.7927927927927928,
                        "R_macro_doc": 0.8756218905472637,
                        "F1_macro_doc": 0.8321513002364066,
                        "P_macro_doc_std": 0.0,
                        "R_macro_doc_std": 0.0,
                        "F1_macro_doc_std": 0.0
                    },
                    "exact": {
                        "correct": 172,
                        "incorrect": 11,
                        "partial": 0,
                        "missed": 18,
                        "spurious": 39,
                        "possible": 201,
                        "actual": 222,
                        "TP": 172,
                        "FP": 50,
                        "FN": 29,
                        "P_micro": 0.7747747747747747,
                        "R_micro": 0.8557213930348259,
                        "F1_micro": 0.8132387706855791,
                        "P_macro_doc": 0.7747747747747747,
                        "R_macro_doc": 0.8557213930348259,
                        "F1_macro_doc": 0.8132387706855791,
                        "P_macro_doc_std": 0.0,
                        "R_macro_doc_std": 0.0,
                        "F1_macro_doc_std": 0.0
                    }
                },
                "STREET": {
                    "partial": {
                        "correct": 17,
                        "incorrect": 0,
                        "partial": 0,
                        "missed": 0,
                        "spurious": 6,
                        "possible": 17,
                        "actual": 23,
                        "TP": 17,
                        "FP": 6,
                        "FN": 0,
                        "P_micro": 0.7391304347826086,
                        "R_micro": 1.0,
                        "F1_micro": 0.85,
                        "P_macro_doc": 0.7391304347826086,
                        "R_macro_doc": 1.0,
                        "F1_macro_doc": 0.85,
                        "P_macro_doc_std": 0.0,
                        "R_macro_doc_std": 0.0,
                        "F1_macro_doc_std": 0.0
                    },
                    "strict": {
                        "correct": 14,
                        "incorrect": 3,
                        "partial": 0,
                        "missed": 0,
                        "spurious": 6,
                        "possible": 17,
                        "actual": 23,
                        "TP": 14,
                        "FP": 9,
                        "FN": 3,
                        "P_micro": 0.6086956521739131,
                        "R_micro": 0.8235294117647058,
                        "F1_micro": 0.7,
                        "P_macro_doc": 0.6086956521739131,
                        "R_macro_doc": 0.8235294117647058,
                        "F1_macro_doc": 0.7,
                        "P_macro_doc_std": 0.0,
                        "R_macro_doc_std": 0.0,
                        "F1_macro_doc_std": 0.0
                    },
                    "ent_type": {
                        "correct": 14,
                        "incorrect": 3,
                        "partial": 0,
                        "missed": 0,
                        "spurious": 6,
                        "possible": 17,
                        "actual": 23,
                        "TP": 14,
                        "FP": 9,
                        "FN": 3,
                        "P_micro": 0.6086956521739131,
                        "R_micro": 0.8235294117647058,
                        "F1_micro": 0.7,
                        "P_macro_doc": 0.6086956521739131,
                        "R_macro_doc": 0.8235294117647058,
                        "F1_macro_doc": 0.7,
                        "P_macro_doc_std": 0.0,
                        "R_macro_doc_std": 0.0,
                        "F1_macro_doc_std": 0.0
                    },
                    "exact": {
                        "correct": 17,
                        "incorrect": 0,
                        "partial": 0,
                        "missed": 0,
                        "spurious": 6,
                        "possible": 17,
                        "actual": 23,
                        "TP": 17,
                        "FP": 6,
                        "FN": 0,
                        "P_micro": 0.7391304347826086,
                        "R_micro": 1.0,
                        "F1_micro": 0.85,
                        "P_macro_doc": 0.7391304347826086,
                        "R_macro_doc": 1.0,
                        "F1_macro_doc": 0.85,
                        "P_macro_doc_std": 0.0,
                        "R_macro_doc_std": 0.0,
                        "F1_macro_doc_std": 0.0
                    }
                },
                "BUILDING": {
                    "partial": {
                        "correct": 13,
                        "incorrect": 0,
                        "partial": 2,
                        "missed": 4,
                        "spurious": 12,
                        "possible": 19,
                        "actual": 27,
                        "TP": 13,
                        "FP": 14,
                        "FN": 6,
                        "P_micro": 0.5185185185185185,
                        "R_micro": 0.7368421052631579,
                        "F1_micro": 0.6086956521739131,
                        "P_macro_doc": 0.5185185185185185,