TRAINING	TRAINING	TRAINING	ALL	ALL	ALL	ALL	loc	loc	loc	loc	org	org	org	org	pers	pers	pers	pers	prod	prod	prod	prod	time	time	time	time
EP	TIME	LOSS	F1	A	P	R	P	R	F1	N	P	R	F1	N	P	R	F1	N	P	R	F1	N	P	R	F1	N
9	51.45967984199524	0.010171982921370915	0.8517887563884157	0.9807550547598989	0.8412787436904094	0.8625646923519263	0.8978562421185372	0.9198966408268734	0.9087428206764518	774	0.6845238095238095	0.71875	0.7012195121951219	160	0.8532374100719424	0.8619186046511628	0.8575560375994216	688	0.5471698113207547	0.5918367346938775	0.5686274509803921	49	0.6891891891891891	0.75	0.7183098591549296	68
