TRAINING	TRAINING	TRAINING	ALL	ALL	ALL	ALL	loc	loc	loc	loc	org	org	org	org	pers	pers	pers	pers
EP	TIME	LOSS	F1	A	P	R	P	R	F1	N	P	R	F1	N	P	R	F1	N
10	114.01663970947266	0.008324502835127251	0.6432970156324017	0.9657730786133444	0.5475806451612903	0.7795637198622273	0.627906976744186	0.8372093023255814	0.717607973421927	516	0.11363636363636363	0.12195121951219512	0.1176470588235294	41	0.4763779527559055	0.7707006369426752	0.5888077858880778	314
