TRAINING	TRAINING	TRAINING	ALL	ALL	ALL	ALL	BUILDING	BUILDING	BUILDING	BUILDING	LOC	LOC	LOC	LOC	STREET	STREET	STREET	STREET
EP	TIME	LOSS	F1	A	P	R	P	R	F1	N	P	R	F1	N	P	R	F1	N
6	38.62861895561218	0.022239343563301695	0.7755102040816326	0.9883457701014505	0.7509881422924901	0.8016877637130801	0.43478260869565216	0.5263157894736842	0.47619047619047616	19	0.7952380952380952	0.8308457711442786	0.8126520681265207	201	0.65	0.7647058823529411	0.7027027027027027	17
