TRAINING	TRAINING	TRAINING	ALL	ALL	ALL	ALL	loc	loc	loc	loc	org	org	org	org	pers	pers	pers	pers	prod	prod	prod	prod	time	time	time	time
EP	TIME	LOSS	F1	A	P	R	P	R	F1	N	P	R	F1	N	P	R	F1	N	P	R	F1	N	P	R	F1	N
10	31.540294647216797	0.023882830597679403	0.7148468185388844	0.9701926016508713	0.7016191210485736	0.7285828662930345	0.8105436573311368	0.8367346938775511	0.8234309623430962	588	0.3641304347826087	0.4036144578313253	0.38285714285714284	166	0.6987012987012987	0.7173333333333334	0.7078947368421054	375	0.68	0.68	0.68	50	0.676056338028169	0.6857142857142857	0.6808510638297872	70
