TRAINING	TRAINING	TRAINING	ALL	ALL	ALL	ALL	pers	pers	pers	pers	scope	scope	scope	scope	work	work	work	work
EP	TIME	LOSS	F1	A	P	R	P	R	F1	N	P	R	F1	N	P	R	F1	N
9	10.592064619064331	0.08133740288515885	0.76	0.9680029422581832	0.7524752475247525	0.7676767676767676	0.7769230769230769	0.8015873015873016	0.7890624999999999	126	0.7352941176470589	0.7396449704142012	0.7374631268436578	169	0.75	0.7722772277227723	0.7609756097560977	101
