TRAINING	TRAINING	TRAINING	ALL	ALL	ALL	ALL	loc	loc	loc	loc	object	object	object	object	pers	pers	pers	pers	scope	scope	scope	scope	work	work	work	work
EP	TIME	LOSS	F1	A	P	R	P	R	F1	N	P	R	F1	N	P	R	F1	N	P	R	F1	N	P	R	F1	N
10	9.702707290649414	0.08399184962565248	0.7442396313364055	0.9618077657542966	0.6946236559139785	0.8014888337468983	0.0	0.0	0.0	10	0.0	0.0	0.0	4	0.6666666666666666	0.8518518518518519	0.7479674796747967	162	0.7543859649122807	0.821656050955414	0.7865853658536586	157	0.6436781609195402	0.8	0.713375796178344	70
